subreddit,total_posts,harvested_ontopic,full_text_searched
ChatGPT,526350,2613,yes
SideProject,372907,3311,yes
webdev,334651,1886,yes
SaaS,225467,3146,yes
ArtificialInteligence,167244,1993,yes
graphic_design,162941,835,yes
OpenAI,125988,1201,yes
LocalLLaMA,119322,1769,yes
ClaudeAI,114929,2259,yes
singularity,108547,1068,yes
artificial,83532,1033,yes
EntrepreneurRideAlong,69794,1444,yes
vibecoding,64000,2710,yes
grok,62946,498,yes
IndieHackers,61112,1784,yes
microsaas,56489,2156,yes
web_design,51506,469,yes
GeminiAI,47048,0,no
ClaudeCode,46942,1587,yes
Frontend,43489,248,yes
AI_Agents,38404,1463,yes
cursor,27689,948,yes
UI_Design,26662,202,yes
nocode,25982,1119,yes
ChatGPTPro,25977,586,yes
alphaandbetausers,24932,976,yes
css,23555,126,yes
micro_saas,22213,1459,yes
ChatGPTCoding,21179,972,yes
perplexity_ai,16902,209,yes
GoogleGeminiAI,16269,397,yes
aipromptprogramming,14885,552,yes
ChatGPTcomplaints,14399,343,yes
roastmystartup,14304,1043,yes
lovable,14062,1235,yes
Anthropic,13666,297,yes
indiebiz,13280,524,yes
userexperience,12012,40,yes
claude,10804,315,yes
replit,10735,720,yes
NoCodeSaaS,7469,549,yes
base44,5758,316,yes
windsurf,4719,109,yes
boltnewbuilders,4369,310,yes
GoogleGemini,2145,55,yes
Codeium,2065,37,yes
ClaudeCowork,1162,45,yes
Perplexity,779,14,yes
v0dev,0,0,no
