term,ai_context_posts,share_pct_of_term_mentions,n_subreddits
as an AI,8723,16.7,46
it's not just,5562,10.7,44
would you like me to,5521,10.6,45
let me know if,5171,9.9,46
in conclusion,4155,8.0,45
game changer,3687,7.1,47
dive deep,3227,6.2,46
as a large language model,3044,5.8,45
navigating the,2431,4.7,46
look no further,1527,2.9,44
let's dive in,1516,2.9,46
delve,1391,2.7,42
ever-evolving,943,1.8,43
testament to,842,1.6,43
tapestry,703,1.3,35
it's worth noting,673,1.3,42
underscores the,598,1.1,39
em dash,571,1.1,36
em-dash,571,1.1,36
buckle up,378,0.7,38
I cannot fulfill,277,0.5,25
rest assured,254,0.5,35
i hope this email finds you well,164,0.3,29
rich tapestry,155,0.3,23
 chef's kiss,96,0.2,23
