rank,code,tell,comment_mentions,post_mentions,raw_share_pct,precision_pct,verdict,verified_mentions,verified_share_pct,note
1,boilerplate_tutorial,"Boilerplate, tutorial/textbook-shaped 'sample app' code",53,15,20.5,90,solid,48,18.6,"Nearly all tagged comments explicitly name boilerplate/scaffolding/tutorial/sample-app-shaped output; a few are generic ""AI saves boilerplate typing"" but still on-target. Misses: 102 (copypaste jobs), 323 (posted spec, doesn't name tell), 826 (no-backend critique), 1113 (vague effort)."
2,hallucinated_api,Calls to nonexistent/outdated APIs; plausible but wrong logic,47,33,18.2,62.5,mostly,29,11.2,"Most hits genuinely describe made-up libraries/APIs/methods or plausible-but-wrong logic; a chunk are generic ""hallucination/bugs"" or off-topic (untested tests, lost context, accountability) that don't specifically name this tell."
3,over_comment,"Over-commenting: a comment on nearly every line, narrating the obvious",47,11,18.2,47.5,inflated,22,8.5,"Many tagged comments are the adjacent ""explain why not what"" tell, vague verbosity gripes, doc-not-inline complaints, or jokes/off-topic Reddit chatter; only ~half clearly name commenting nearly every line / narrating the obvious."
4,over_engineered,Over-engineered: needless abstraction / layers for a simple task,33,22,12.8,60.6,mostly,20,7.8,"About 60% genuinely name needless abstraction/complexity; the rest are adjacent tells (excess volume/LOC, duplication, random dependencies, or giant under-decomposed functions, which is the opposite)."
5,emoji,"Emoji in code, comments, console logs, or commit messages",13,12,5,76.9,mostly,10,3.9,"Most comments name emoji as an AI/vibe-code tell (in code, output, or AI prose); the two ""random emoji rule"" comments and one vague pattern-musing don't name it as a tell."
6,style_mismatch,Style doesn't match the surrounding codebase; a sudden shift,14,13,5.4,64.3,mostly,9,3.5,"Most comments genuinely describe AI code breaking/ignoring existing codebase conventions and patterns; a few are off-topic (jail/rg rant, generic vibe-coding hate, design-process advice)."
7,excessive_try,try/except (try/catch) wrapped around everything / swallowed errors,16,5,6.2,50,mostly,8,3.1,"Half genuinely name over-broad catching / swallowed errors; the other half are the opposite tell (MISSING error handling) or generic ""error handling"" mentions that don't fit this specific tell."
8,too_clean,"Suspiciously clean/consistent/perfect formatting, no human mess",14,9,5.4,42.9,mostly,6,2.3,"A solid core names AI code's ""too clean / no quirks / uniform style"" tell, but several tagged comments instead point at verbosity, em-dashes/markdown, design-library sameness, or clean-surface-hiding-bugs (logic), which are adjacent but distinct tells."
9,inconsistent_skill,Mixed skill: advanced code beside beginner mistakes; author can't explain it,10,8,3.9,50,mostly,5,1.9,"Half clearly name works-but-can't-explain or advanced-beside-outdated skill-mixing; the rest drift into generic correctness/review-process complaints, plus 3 near-duplicate comments (1391/1392/1393) and one ad (949) inflate the set."
10,generic_naming,"Generic placeholder names (data, result, temp, item, foo)",5,5,1.9,100,solid,5,1.9,All 5 cite process_data() as the canonical AI-generated generic placeholder function name; squarely the generic_naming tell.
11,placeholder_comment,"Placeholder comments left in (""// rest of your code"", ""# ... your logic here"")",4,16,1.6,100,,4,1.6,
12,chat_artifact,"Leftover chat/markdown artifacts (``` fences, 'Here's the updated code', 'As an AI', 'Note:')",3,6,1.2,100,,3,1.2,
13,over_validation,Defensive null checks & validation for cases that can't happen,5,2,1.9,40,inflated,2,0.8,Only 2/5 name defensive validation for impossible cases; two comments describe the OPPOSITE (code LACKING validation/auth) and one is about untested edge handling.
14,type_everywhere,"Type hints/annotations added everywhere, even where unusual",2,4,0.8,100,,2,0.8,
15,verbose_naming,"Over-verbose, robotically self-documenting variable/function names",6,5,2.3,16.7,inflated,1,0.4,"Only one comment mocks long/robotic AI identifier names; the rest are about naming quality in general or argue FOR descriptive/semantic names, which is the opposite of this tell."
16,reinvent_wheel,Re-implements what the stdlib/a library already does,6,6,2.3,16.7,inflated,1,0.4,"Only one comment names reinventing what an existing package provides; the rest are about duplication, hallucinated libs, verbosity, or generic redundancy."
17,excess_logging,Print/console.log debugging left in; chatty 'Successfully...' logs,8,2,3.1,0,artifact,0,0.0,"All 8 are Reddit opinion comments about AI coding/logging workflow, none identify left-in debug prints or chatty success logs in code."
18,redundant_docstring,A docstring/JSDoc on every trivial function that just restates its name,0,1,0,100,,0,0.0,
-,umbrella_looks_ai,Umbrella: 'you can just tell it's AI / too perfect' with no specific feature named,46,40,17.8,,umbrella,,,
